Snow Goose,Anser caerulescens,雪雁,稀见/偶见
Swan Goose,Anser cygnoides,鸿雁,稀见/偶见 濒危
Greater White-fronted Goose,Anser albifrons,白额雁,
Greater White-fronted Goose (Eurasian),Anser albifrons albifrons,白额雁（欧亚）,
Lesser White-fronted Goose,Anser erythropus,小白额雁,稀见/偶见 易危
Greater/Lesser White-fronted Goose,Anser albifrons/erythropus,白额雁/小白额雁,
Taiga Bean-Goose,Anser fabalis,豆雁,
Tundra Bean-Goose,Anser serrirostris,短嘴豆雁,
Taiga/Tundra Bean-Goose,Anser fabalis/serrirostris,豆雁/短嘴豆雁,
Brant,Branta bernicla,黑雁,
Brant (Black),Branta bernicla nigricans,黑雁（黑腹）,
Cackling Goose,Branta hutchinsii,小美洲黑雁,
Cackling Goose (Aleutian),Branta hutchinsii leucopareia,小美洲黑雁（阿留申，白颈环）,稀见/偶见
Cackling Goose (minima),Branta hutchinsii minima,小美洲黑雁（阿拉斯加，色深）,
Canada Goose,Branta canadensis,加拿大黑雁,来源不明
Cackling/Canada Goose,Branta hutchinsii/canadensis,小美洲黑雁/加拿大黑雁,
Mute Swan,Cygnus olor,疣鼻天鹅,外来物种
Tundra Swan,Cygnus columbianus,小天鹅,稀见/偶见
Tundra Swan (Whistling),Cygnus columbianus columbianus,小天鹅（北美）,稀见/偶见
Tundra Swan (Bewick's),Cygnus columbianus bewickii,小天鹅（欧亚）,
Whooper Swan,Cygnus cygnus,大天鹅,
swan sp.,Cygnus sp.,未识别的天鹅,
goose sp.,Anatidae (goose sp.),未识别的雁类,
Ruddy Shelduck,Tadorna ferruginea,赤麻鸭,稀见/偶见
Common Shelduck,Tadorna tadorna,翘鼻麻鸭,
Mandarin Duck,Aix galericulata,鸳鸯,
Baikal Teal,Sibirionetta formosa,花脸鸭,
Garganey,Spatula querquedula,白眉鸭,
Northern Shoveler,Spatula clypeata,琵嘴鸭,
Gadwall,Mareca strepera,赤膀鸭,
Gadwall (Common),Mareca strepera strepera,赤膀鸭（广布）,
Falcated Duck,Mareca falcata,罗纹鸭,
Eurasian Wigeon,Mareca penelope,赤颈鸭,
American Wigeon,Mareca americana,绿眉鸭（葡萄胸鸭）,稀见/偶见
Eurasian x American Wigeon (hybrid),Mareca penelope x americana,赤颈鸭x绿眉鸭 （杂交）,稀见/偶见
Eurasian/American Wigeon,Mareca penelope/americana,赤颈鸭/绿眉鸭,
Eastern Spot-billed Duck,Anas zonorhyncha,斑嘴鸭,
Indian/Eastern Spot-billed Duck,Anas poecilorhyncha/zonorhyncha,印缅斑嘴鸭/斑嘴鸭,
Mallard,Anas platyrhynchos,绿头鸭,
Mallard x Eastern Spot-billed Duck (hybrid),Anas platyrhynchos x zonorhyncha,绿头鸭x斑嘴鸭（杂交）,稀见/偶见
Mallard/Mexican Duck,Anas platyrhynchos/diazi,,
Northern Pintail,Anas acuta,针尾鸭,
Baikal Teal x Northern Pintail (hybrid),Sibirionetta formosa x Anas acuta,花脸鸭x针尾鸭（杂交）,稀见/偶见
Eurasian Wigeon x Northern Pintail (hybrid),Mareca penelope x Anas acuta,赤颈鸭x针尾鸭（杂交）,稀见/偶见
Mallard x Northern Pintail (hybrid),Anas platyrhynchos x acuta,绿头鸭x针尾鸭（杂交）,稀见/偶见
Green-winged Teal,Anas crecca,绿翅鸭/美洲绿翅鸭,
Green-winged Teal (Eurasian),Anas crecca crecca,绿翅鸭,
Green-winged Teal (American),Anas crecca carolinensis,美洲绿翅鸭,稀见/偶见
Green-winged Teal (Eurasian x American),Anas crecca crecca x carolinensis,绿翅鸭x美洲绿翅鸭（杂交）,稀见/偶见
Anas sp.,Anas sp.,未识别的Anas属鸭,
dabbling duck sp.,Anatidae sp. (dabbling duck sp.),未识别的浮鸭类,
Red-crested Pochard,Netta rufina,赤嘴潜鸭,稀见/偶见
Canvasback,Aythya valisineria,帆背潜鸭,稀见/偶见
Redhead,Aythya americana,美洲潜鸭,稀见/偶见
Common Pochard,Aythya ferina,红头潜鸭,易危
Ring-necked Duck,Aythya collaris,环颈潜鸭,稀见/偶见
Ferruginous Duck,Aythya nyroca,白眼潜鸭,稀见/偶见 近危
Common Pochard x Ferruginous Duck (hybrid),Aythya ferina x nyroca,红头潜鸭x白眼潜鸭（杂交）,稀见/偶见
Baer's Pochard,Aythya baeri,青头潜鸭,极危
Common x Baer's Pochard (hybrid),Aythya ferina x baeri,,稀见/偶见
Ferruginous Duck x Baer's Pochard (hybrid),Aythya nyroca x baeri,白眼潜鸭x青头潜鸭（杂交）,稀见/偶见
Tufted Duck,Aythya fuligula,凤头潜鸭,
Greater Scaup,Aythya marila,斑背潜鸭,
Tufted Duck x Greater Scaup (hybrid),Aythya fuligula x marila,凤头潜鸭x斑背潜鸭（杂交）,稀见/偶见
Lesser Scaup,Aythya affinis,小潜鸭,稀见/偶见
Aythya sp.,Aythya sp.,未识别的Aythya属潜鸭,
Harlequin Duck,Histrionicus histrionicus,丑鸭,
Stejneger's Scoter,Melanitta stejnegeri,斑脸海番鸭,
Velvet/White-winged/Stejneger's Scoter,Melanitta fusca/deglandi/stejnegeri,丝绒海番鸭/北美斑脸海番鸭/斑脸海番鸭,
White-winged/Stejneger's Scoter,Melanitta deglandi/stejnegeri,北美斑脸海番鸭/斑脸海番鸭,
Black Scoter,Melanitta americana,黑海番鸭,近危
Common/Black Scoter,Melanitta nigra/americana,普通海番鸭/黑海番鸭,
Long-tailed Duck,Clangula hyemalis,长尾鸭,易危
Bufflehead,Bucephala albeola,白枕鹊鸭,稀见/偶见
Common Goldeneye,Bucephala clangula,鹊鸭,
Smew,Mergellus albellus,白秋沙鸭,
Common Merganser,Mergus merganser,普通秋沙鸭,
Common Merganser (Eurasian),Mergus merganser merganser/orientalis,普通秋沙鸭（欧亚）,
Red-breasted Merganser,Mergus serrator,红胸秋沙鸭,
Scaly-sided Merganser,Mergus squamatus,中华秋沙鸭,稀见/偶见 濒危
duck sp.,Anatidae (duck sp.),未识别的鸭类,
 ,,,
GALLIFORMES: Phasianidae,,,
,,,
Rock Ptarmigan,Lagopus muta,岩雷鸟,
Copper Pheasant,Syrmaticus soemmerringii,铜长尾雉,特有种（国家/地区） 近危
Green Pheasant,Phasianus versicolor,绿雉,
Ring-necked/Green Pheasant,Phasianus colchicus/versicolor,,
Chinese Bamboo-Partridge,Bambusicola thoracicus,灰胸竹鸡,外来物种
Chinese/Taiwan Bamboo-Partridge,Bambusicola thoracicus/sonorivox,,外来物种
Japanese Quail,Coturnix japonica,鹌鹑（日本鹌鹑）,近危
 ,,,
COLUMBIFORMES: Columbidae,,,
,,,
Rock Pigeon,Columba livia,原鸽,外来物种
Rock Pigeon (Feral Pigeon),Columba livia (Feral Pigeon),原鸽（野化家鸽）,
Black Wood-Pigeon,Columba janthina,黑林鸽,
Oriental Turtle-Dove,Streptopelia orientalis,山斑鸠,
Eurasian Collared-Dove,Streptopelia decaocto,灰斑鸠,
Eurasian/Burmese Collared-Dove,Streptopelia decaocto/xanthocycla,,
Red Collared-Dove,Streptopelia tranquebarica,火斑鸠,稀见/偶见
White-bellied Green-Pigeon,Treron sieboldii,红翅绿鸠,
Whistling Green-Pigeon (Ryukyu),Treron formosae permagnus/medioximus,红顶绿鸠（琉球）,
pigeon/dove sp.,Columbidae sp.,未识别的鸠鸽类,
 ,,,
CUCULIFORMES: Cuculidae,,,
,,,
Asian Koel,Eudynamys scolopaceus,噪鹃,稀见/偶见
Northern Hawk-Cuckoo,Hierococcyx hyperythrus,北鹰鹃（棕腹杜鹃）,
Lesser Cuckoo,Cuculus poliocephalus,小杜鹃,
Common Cuckoo,Cuculus canorus,大杜鹃,
African/Common Cuckoo,Cuculus gularis/canorus,,
Oriental Cuckoo,Cuculus optatus,北方中杜鹃,
Himalayan/Oriental Cuckoo,Cuculus saturatus/optatus,中杜鹃/北方中杜鹃,
Cuculus sp.,Cuculus sp.,未识别的Cuculus属杜鹃,
cuckoo sp. (Cuculidae sp.),Cuculidae sp.,未识别的杜鹃类,
 ,,,
CAPRIMULGIFORMES: Caprimulgidae,,,
,,,
Gray Nightjar,Caprimulgus jotaka,普通夜鹰,
Jungle/Gray Nightjar,Caprimulgus indicus/jotaka,印度夜鹰/普通夜鹰,
 ,,,
APODIFORMES: Apodidae,,,
,,,
White-throated Needletail,Hirundapus caudacutus,白喉针尾雨燕,
White-throated Needletail (White-lored),Hirundapus caudacutus caudacutus,,
Pacific Swift,Apus pacificus,白腰雨燕,
fork-tailed swift sp.,Apus pacificus/salimalii/leuconyx/cooki,白腰雨燕种组,
House Swift,Apus nipalensis,小白腰雨燕,
Little/House Swift,Apus affinis/nipalensis,,
Apus sp.,Apus sp.,未识别的Apus属雨燕,
Apus/Tachymarptis sp.,Apus/Tachymarptis sp.,,
swift sp.,Apodidae sp.,未识别的雨燕科鸟类,
 ,,,
GRUIFORMES: Rallidae,,,
,,,
Brown-cheeked Rail,Rallus indicus,普通秧鸡,
Water/Brown-cheeked Rail,Rallus aquaticus/indicus,西方秧鸡/普通秧鸡,
Eurasian Moorhen,Gallinula chloropus,黑水鸡,
Eurasian Moorhen/Common Gallinule,Gallinula chloropus/galeata,黑水鸡/美洲黑水鸡,
Eurasian Coot,Fulica atra,骨顶鸡,
Watercock,Gallicrex cinerea,董鸡,
White-breasted Waterhen,Amaurornis phoenicurus,白胸苦恶鸟,
Ruddy-breasted Crake,Zapornia fusca,红胸田鸡,
Baillon's Crake,Zapornia pusilla,小田鸡,稀见/偶见
Baillon's Crake (Eastern),Zapornia pusilla pusilla,小田鸡（亚洲）,稀见/偶见
Swinhoe's Rail,Coturnicops exquisitus,花田鸡,
rail/crake sp.,Rallidae sp. (rail/crake sp.),未识别的秧鸡和田鸡类,
 ,,,
GRUIFORMES: Gruidae,,,
,,,
Demoiselle Crane,Anthropoides virgo,蓑羽鹤,稀见/偶见
White-naped Crane,Antigone vipio,白枕鹤,稀见/偶见 易危
Hooded Crane,Grus monacha,白头鹤,易危
Red-crowned Crane,Grus japonensis,丹顶鹤,稀见/偶见 易危
 ,,,
CHARADRIIFORMES: Recurvirostridae,,,
,,,
Black-winged Stilt,Himantopus himantopus,黑翅长脚鹬,
Pied Avocet,Recurvirostra avosetta,反嘴鹬,稀见/偶见
 ,,,
CHARADRIIFORMES: Haematopodidae,,,
,,,
Eurasian Oystercatcher,Haematopus ostralegus,蛎鹬,近危
Eurasian Oystercatcher (Far Eastern),Haematopus ostralegus osculans,蛎鹬（东亚）,
 ,,,
CHARADRIIFORMES: Charadriidae,,,
,,,
Black-bellied Plover,Pluvialis squatarola,灰斑鸻,易危
Pacific Golden-Plover,Pluvialis fulva,金斑鸻,
American/Pacific Golden-Plover (Lesser Golden-Plover),Pluvialis dominica/fulva,美洲金鸻/金斑鸻,
Common Ringed Plover,Charadrius hiaticula,剑鸻,
Common Ringed/Semipalmated Plover,Charadrius hiaticula/semipalmatus,剑鸻/半蹼鸻,
Little Ringed Plover,Thinornis dubius,金眶鸻,
Little Ringed Plover (curonicus),Thinornis dubius curonicus,金眶鸻（古北界）,
Long-billed Plover,Thinornis placidus,长嘴剑鸻,
Charadrius/Thinornis sp.,Charadrius/Thinornis sp.,未识别的Charadrius属小型鸻类,
Northern Lapwing,Vanellus vanellus,凤头麦鸡,近危
Gray-headed Lapwing,Vanellus cinereus,灰头麦鸡,
Oriental Plover,Anarhynchus veredus,东方鸻,稀见/偶见
Siberian Sand-Plover,Anarhynchus mongolus,蒙古沙鸻,濒危
Siberian/Tibetan Sand-Plover,Anarhynchus mongolus/atrifrons,,
Greater Sand-Plover,Anarhynchus leschenaultii,铁嘴沙鸻,
sand-plover sp.,Anarhynchus mongolus/atrifrons/leschenaultii,,
Kentish Plover,Anarhynchus alexandrinus,环颈鸻,
Kentish Plover (Kentish),Anarhynchus alexandrinus alexandrinus/nihonensis,环颈鸻（广布）,
Snowy/Kentish Plover,Anarhynchus nivosus/alexandrinus,环颈鸻/雪鸻,
small plover sp.,Charadrius/Thinornis/Anarhynchus sp.,,
 ,,,
CHARADRIIFORMES: Rostratulidae,,,
,,,
Greater Painted-Snipe,Rostratula benghalensis,彩鹬,
 ,,,
CHARADRIIFORMES: Jacanidae,,,
,,,
Pheasant-tailed Jacana,Hydrophasianus chirurgus,水雉,稀见/偶见
 ,,,
CHARADRIIFORMES: Scolopacidae,,,
,,,
Bristle-thighed Curlew,Numenius tahitiensis,太平洋杓鹬,稀见/偶见 近危
Whimbrel,Numenius phaeopus,中杓鹬,
Whimbrel (White-rumped),Numenius phaeopus [phaeopus Group],中杓鹬（白腰）,
Whimbrel (Siberian),Numenius phaeopus variegatus/rogachevae,中杓鹬（东亚）,
Little Curlew,Numenius minutus,小杓鹬,
Far Eastern Curlew,Numenius madagascariensis,大杓鹬,濒危
Eurasian Curlew,Numenius arquata,白腰杓鹬,近危
Whimbrel/Eurasian Curlew,Numenius phaeopus/arquata,中杓鹬/白腰杓鹬,
Far Eastern/Eurasian Curlew,Numenius madagascariensis/arquata,大杓鹬/白腰杓鹬,
Bar-tailed Godwit,Limosa lapponica,斑尾塍鹬,近危
Bar-tailed Godwit (Siberian),Limosa lapponica [baueri Group],斑尾塍鹬（东亚）,
Black-tailed Godwit,Limosa limosa,黑尾塍鹬,近危
Black-tailed Godwit (melanuroides),Limosa limosa melanuroides,黑尾塍鹬（东亚）,
Asian Dowitcher,Limnodromus semipalmatus,半蹼鹬,稀见/偶见 近危
Long-billed Dowitcher,Limnodromus scolopaceus,长嘴鹬,近危
Short-billed/Long-billed Dowitcher,Limnodromus griseus/scolopaceus,短嘴半蹼鹬/长嘴鹬,
Jack Snipe,Lymnocryptes minimus,姬鹬,稀见/偶见
Eurasian Woodcock,Scolopax rusticola,丘鹬,
Eurasian/Amami Woodcock,Scolopax rusticola/mira,,
Solitary Snipe,Gallinago solitaria,孤沙锥,
Swinhoe's Snipe,Gallinago megala,大沙锥,
Pin-tailed Snipe,Gallinago stenura,针尾沙锥,稀见/偶见
Latham's Snipe,Gallinago hardwickii,澳南沙锥,近危
Common Snipe,Gallinago gallinago,扇尾沙锥,
Common/Wilson's Snipe,Gallinago gallinago/delicata,扇尾沙锥/美洲沙锥,
snipe sp.,Gallinago sp.,未识别的沙锥,
Red Phalarope,Phalaropus fulicarius,灰瓣蹼鹬,
Red-necked Phalarope,Phalaropus lobatus,红颈瓣蹼鹬,
Red/Red-necked Phalarope,Phalaropus fulicarius/lobatus,红颈瓣蹼鹬/灰瓣蹼鹬,
phalarope sp.,Phalaropus sp.,未识别的半蹼鹬,
Terek Sandpiper,Xenus cinereus,翘嘴鹬,
Common Sandpiper,Actitis hypoleucos,矶鹬,
Green Sandpiper,Tringa ochropus,白腰草鹬,
Gray-tailed Tattler,Tringa brevipes,灰尾漂鹬,
Wandering Tattler,Tringa incana,漂鹬,稀见/偶见
Gray-tailed/Wandering Tattler,Tringa brevipes/incana,灰尾漂鹬/漂鹬,
Marsh Sandpiper,Tringa stagnatilis,泽鹬,
Wood Sandpiper,Tringa glareola,林鹬,
Common Redshank,Tringa totanus,红脚鹬,
Lesser Yellowlegs,Tringa flavipes,小黄脚鹬,稀见/偶见 易危
Nordmann's Greenshank,Tringa guttifer,小青脚鹬,稀见/偶见 濒危
Spotted Redshank,Tringa erythropus,鹤鹬,
Common Greenshank,Tringa nebularia,青脚鹬,
Ruddy Turnstone,Arenaria interpres,翻石鹬,近危
Great Knot,Calidris tenuirostris,大滨鹬,濒危
Red Knot,Calidris canutus,红腹滨鹬,近危
Ruff,Calidris pugnax,流苏鹬,
Broad-billed Sandpiper,Calidris falcinellus,阔嘴鹬,易危
Sharp-tailed Sandpiper,Calidris acuminata,尖尾滨鹬,易危
Curlew Sandpiper,Calidris ferruginea,弯嘴滨鹬,易危
Stilt Sandpiper,Calidris himantopus,高跷鹬,稀见/偶见 近危
Temminck's Stint,Calidris temminckii,青脚滨鹬,
Long-toed Stint,Calidris subminuta,长趾滨鹬,
Red-necked Stint,Calidris ruficollis,红颈滨鹬,近危
Spoon-billed Sandpiper,Calidris pygmaea,勺嘴鹬,极危
Buff-breasted Sandpiper,Calidris subruficollis,饰胸鹬,稀见/偶见 易危
Sanderling,Calidris alba,三趾滨鹬,
Dunlin,Calidris alpina,黑腹滨鹬,近危
Dunlin (sakhalina Group),Calidris alpina [sakhalina Group],黑腹滨鹬（东北亚）,
Baird's Sandpiper,Calidris bairdii,黑腰滨鹬,稀见/偶见
Little Stint,Calidris minuta,小滨鹬,稀见/偶见
Pectoral Sandpiper,Calidris melanotos,斑胸滨鹬,
Western Sandpiper,Calidris mauri,西方滨鹬,稀见/偶见
peep sp.,Calidris sp. (peep sp.),未识别的小型滨鹬,
Calidris sp.,Calidris sp.,未识别的Calidris属鹬,
Scolopacidae sp.,Scolopacidae sp.,未识别的鹬类,
 ,,,
CHARADRIIFORMES: Glareolidae,,,
,,,
Oriental Pratincole,Glareola maldivarum,普通燕鸻,
 ,,,
CHARADRIIFORMES: Charadriiformes sp.,,,
,,,
shorebird sp.,Charadriiformes sp. (shorebird sp.),未识别的鸻鹬类,
 ,,,
CHARADRIIFORMES: Stercorariidae,,,
,,,
Long-tailed Jaeger,Stercorarius longicaudus,长尾贼鸥,
Parasitic Jaeger,Stercorarius parasiticus,短尾贼鸥,
Long-tailed/Parasitic Jaeger,Stercorarius longicaudus/parasiticus,短尾贼鸥/长尾贼鸥,
Pomarine Jaeger,Stercorarius pomarinus,中贼鸥,
Parasitic/Pomarine Jaeger,Stercorarius parasiticus/pomarinus,中贼鸥/短尾贼鸥,
South Polar Skua,Stercorarius maccormicki,南极贼鸥,
jaeger sp.,Stercorarius sp. (jaeger sp.),中/短尾/長尾賊鷗,
skua sp.,Stercorarius sp. (skua sp.),,
jaeger/skua sp.,Stercorarius sp.,未识别的贼鸥,
 ,,,
CHARADRIIFORMES: Alcidae,,,
,,,
Rhinoceros Auklet,Cerorhinca monocerata,角嘴海雀,
Least Auklet,Aethia pusilla,小海雀,
Long-billed Murrelet,Brachyramphus perdix,斑海雀,仅在当地繁育的 近危
Spectacled Guillemot,Cepphus carbo,白眶海鸽,
Common Murre,Uria aalge,崖海鸦,
Thick-billed/Common Murre,Uria lomvia/aalge,,
Ancient Murrelet,Synthliboramphus antiquus,扁嘴海雀,
Japanese Murrelet,Synthliboramphus wumizusume,冠海雀,仅在当地繁育的 易危
murrelet sp.,Brachyramphus/Synthliboramphus sp.,,
 ,,,
CHARADRIIFORMES: Laridae,,,
,,,
Little Gull,Hydrocoloeus minutus,小鸥,稀见/偶见
Ross's Gull,Rhodostethia rosea,楔尾鸥,稀见/偶见
Black-legged Kittiwake,Rissa tridactyla,三趾鸥,易危
Black-legged Kittiwake (Pacific),Rissa tridactyla pollicaris,三趾鸥（太平洋）,
Saunders's Gull,Saundersilarus saundersi,黑嘴鸥,易危
Bonaparte's Gull,Chroicocephalus philadelphia,博氏鸥,稀见/偶见
Black-headed Gull,Chroicocephalus ridibundus,红嘴鸥,
Brown-headed Gull,Chroicocephalus brunnicephalus,棕头鸥,稀见/偶见
Laughing Gull,Leucophaeus atricilla,笑鸥,稀见/偶见
Franklin's Gull,Leucophaeus pipixcan,弗氏鸥,稀见/偶见
Black-tailed Gull,Larus crassirostris,黑尾鸥,
Common Gull,Larus canus,海鸥,
Common Gull (Kamchatka),Larus canus kamtschatschensis,海鸥（堪察加）,
Common/Short-billed Gull,Larus canus/brachyrhynchus,,
American Herring Gull,Larus smithsonianus,美洲银鸥,
Vega Gull,Larus vegae,西伯利亚银鸥,
Mongolian Gull,Larus mongolicus,蒙古银鸥,稀见/偶见
Vega/Mongolian Gull,Larus vegae/mongolicus,,
Caspian/Yellow-legged Gull,Larus cachinnans/michahellis,黄腿银鸥/黄脚银鸥,稀见/偶见
Caspian/Yellow-legged/Armenian Gull,Larus cachinnans/michahellis/armenicus,黄腿银鸥/黄脚银鸥/亚美尼亚鸥,稀见/偶见
Glaucous Gull,Larus hyperboreus,北极鸥,
Lesser Black-backed Gull,Larus fuscus,小黑背银鸥,稀见/偶见
Lesser Black-backed Gull (Heuglin's),Larus fuscus heuglini,小黑背银鸥（乌灰银鸥）,稀见/偶见
Lesser Black-backed Gull (taimyrensis),Larus fuscus taimyrensis,小黑背银鸥（泰梅尔）,稀见/偶见
Glaucous-winged Gull,Larus glaucescens,灰翅鸥,
Glaucous x Glaucous-winged Gull (hybrid),Larus hyperboreus x glaucescens,,稀见/偶见
Slaty-backed Gull,Larus schistisagus,灰背鸥,
Larus sp.,Larus sp.,未识别的Larus属大型鸥类,
gull sp.,Larinae sp.,未识别的鸥类,
White Tern,Gygis alba,白燕鸥（白玄鸥）,稀见/偶见
White Tern (Pacific),Gygis alba candida/leucopes,白燕鸥（印度洋至太平洋，蓝嘴基）,稀见/偶见
Brown Noddy,Anous stolidus,白顶玄燕鸥,
Black Noddy,Anous minutus,玄燕鸥,稀见/偶见
Black Noddy (melanogenys),Anous minutus melanogenys,玄燕鸥 (melanogenys),稀见/偶见
Black Noddy (minutus Group),Anous minutus [minutus Group],玄燕鸥 [minutus Group],稀见/偶见
Lesser/Black Noddy,Anous tenuirostris/minutus,,稀见/偶见
Aleutian Tern,Onychoprion aleuticus,白腰燕鸥,稀见/偶见 易危
Sooty Tern,Onychoprion fuscatus,乌燕鸥,
Bridled Tern,Onychoprion anaethetus,褐翅燕鸥,
Little Tern,Sternula albifrons,白额燕鸥,
Little/Least Tern,Sternula albifrons/antillarum,白额燕鸥/小白额燕鸥,
Gull-billed Tern,Gelochelidon nilotica,鸥嘴噪鸥,稀见/偶见
Gull-billed/Australian Tern,Gelochelidon nilotica/macrotarsa,,稀见/偶见
Caspian Tern,Hydroprogne caspia,红嘴巨鸥,稀见/偶见
Whiskered Tern,Chlidonias hybrida,须浮鸥,
Black Tern,Chlidonias niger,黑浮鸥,稀见/偶见
Black Tern (Eurasian),Chlidonias niger niger,黑浮鸥（欧亚）,稀见/偶见
White-winged Tern,Chlidonias leucopterus,白翅浮鸥,
Chlidonias sp.,Chlidonias sp.,未识别的浮鸥,
Common Tern,Sterna hirundo,普通燕鸥,
Common Tern (longipennis),Sterna hirundo longipennis,普通燕鸥（黑嘴）,
Common/Arctic Tern,Sterna hirundo/paradisaea,,
Black-naped Tern,Sterna sumatrana,黑枕燕鸥,
Roseate Tern,Sterna dougallii,粉红燕鸥,
Sterna sp.,Sterna sp.,未识别的Sterna属燕鸥,
Great Crested Tern,Thalasseus bergii,大凤头燕鸥,
tern sp.,Sterninae sp.,未识别的燕鸥类,
gull/tern sp.,Laridae sp.,未识别的鸥和燕鸥类,
 ,,,
PODICIPEDIFORMES: Podicipedidae,,,
,,,
Little Grebe,Tachybaptus ruficollis,小䴙䴘,
Little Grebe (Little),Tachybaptus ruficollis [ruficollis Group],小䴙䴘（广布）,
Horned Grebe,Podiceps auritus,角䴙䴘,易危
Red-necked Grebe,Podiceps grisegena,赤颈䴙䴘,
Great Crested Grebe,Podiceps cristatus,凤头䴙䴘,
Eared Grebe,Podiceps nigricollis,黑颈䴙䴘,
grebe sp.,Podicipedidae sp.,未识别的䴙䴘类,
 ,,,
PHAETHONTIFORMES: Phaethontidae,,,
,,,
White-tailed Tropicbird,Phaethon lepturus,白尾鹲,稀见/偶见
White-tailed Tropicbird (Pacific),Phaethon lepturus dorotheae,白尾鹲（太平洋）,稀见/偶见
Red-tailed Tropicbird,Phaethon rubricauda,红尾鹲,
tropicbird sp.,Phaethon sp.,未识别的鹲,
 ,,,
GAVIIFORMES: Gaviidae,,,
,,,
Red-throated Loon,Gavia stellata,红喉潜鸟,
Arctic Loon,Gavia arctica,黑喉潜鸟,
Pacific Loon,Gavia pacifica,太平洋潜鸟,
Arctic/Pacific Loon,Gavia arctica/pacifica,黑喉潜鸟/太平洋潜鸟,
Yellow-billed Loon,Gavia adamsii,黄嘴潜鸟,近危
loon sp.,Gavia sp.,未识别的潜鸟,
 ,,,
PROCELLARIIFORMES: Diomedeidae,,,
,,,
Laysan Albatross,Phoebastria immutabilis,黑背信天翁,近危
Black-footed Albatross,Phoebastria nigripes,黑脚信天翁,近危
Short-tailed Albatross,Phoebastria albatrus,短尾信天翁,仅在当地繁育的 易危
albatross sp.,Diomedeidae sp.,未识别的信天翁,
 ,,,
PROCELLARIIFORMES: Oceanitidae,,,
,,,
Wilson's Storm-Petrel,Oceanites oceanicus,黄蹼洋海燕（烟黑叉尾海燕）,稀见/偶见
Wilson's Storm-Petrel (Wilson's),Oceanites oceanicus oceanicus/exasperatus,黄蹼洋海燕（黑翅）,稀见/偶见
 ,,,
PROCELLARIIFORMES: Hydrobatidae,,,
,,,
Fork-tailed Storm-Petrel,Hydrobates furcatus,灰蓝叉尾海燕,
Leach's Storm-Petrel,Hydrobates leucorhous,白腰叉尾海燕,易危
Leach's Storm-Petrel (Leach's),Hydrobates leucorhous leucorhous,白腰叉尾海燕（北太平洋及大西洋）,
Leach's/Townsend's/Ainley's Storm-Petrel,Hydrobates leucorhous/socorroensis/cheimomnestes,,
Swinhoe's Storm-Petrel,Hydrobates monorhis,黑叉尾海燕,近危
Band-rumped Storm-Petrel,Hydrobates castro,斑腰叉尾海燕,
Hydrobates sp. (Band-rumped complex),Hydrobates sp. (Band-rumped complex),,
Matsudaira's Storm-Petrel,Hydrobates matsudairae,日本叉尾海燕,仅在当地繁育的 易危
Tristram's Storm-Petrel,Hydrobates tristrami,褐翅叉尾海燕,
Hydrobates sp.,Hydrobates sp.,,
 ,,,
PROCELLARIIFORMES: Oceanitidae/Hydrobatidae sp.,,,
,,,
storm-petrel sp. (dark-rumped),Oceanitidae/Hydrobatidae sp. (dark-rumped),未识别的黑腰海燕,
storm-petrel sp. (white-rumped),Oceanitidae/Hydrobatidae sp. (white-rumped),未识别的白腰海燕,
storm-petrel sp.,Oceanitidae/Hydrobatidae sp.,未识别的海燕类,
 ,,,
PROCELLARIIFORMES: Procellariidae,,,
,,,
Northern Fulmar,Fulmarus glacialis,暴雪鹱,
Northern Fulmar (Pacific),Fulmarus glacialis rodgersii,暴雪鹱（太平洋）,
Kermadec Petrel,Pterodroma neglecta,克岛圆尾鹱,稀见/偶见
Providence Petrel,Pterodroma solandri,棕头圆尾鹱,稀见/偶见
White-necked Petrel,Pterodroma cervicalis,白领圆尾鹱,稀见/偶见
Juan Fernandez/White-necked Petrel,Pterodroma externa/cervicalis,,稀见/偶见
Bonin Petrel,Pterodroma hypoleuca,白额圆尾鹱,
Black-winged Petrel,Pterodroma nigripennis,黑翅圆尾鹱,稀见/偶见
Stejneger's Petrel,Pterodroma longirostris,长嘴圆尾鹱,易危
Pterodroma sp.,Pterodroma sp.,,
Bulwer's Petrel,Bulweria bulwerii,褐燕鹱,
Tahiti Petrel,Pseudobulweria rostrata,钩嘴圆尾鹱,稀见/偶见 近危
Streaked Shearwater,Calonectris leucomelas,白额鹱,近危
Flesh-footed Shearwater,Ardenna carneipes,淡足鹱,近危
Wedge-tailed Shearwater,Ardenna pacifica,楔尾鹱,
Buller's Shearwater,Ardenna bulleri,灰背鹱,稀见/偶见 易危
Sooty Shearwater,Ardenna grisea,灰鹱,近危
Short-tailed Shearwater,Ardenna tenuirostris,短尾鹱,
Sooty/Short-tailed Shearwater,Ardenna grisea/tenuirostris,灰鹱/短尾鹱,
Christmas Shearwater,Puffinus nativitatis,黑鹱,稀见/偶见
Bannerman's Shearwater,Puffinus bannermani,班氏鹱,濒危
Newell's Shearwater,Puffinus newelli,夏威夷鹱,稀见/偶见 极危
Townsend's/Newell's Shearwater,Puffinus auricularis/newelli,,稀见/偶见
Newell's/Rapa Shearwater,Puffinus newelli/myrtae,,稀见/偶见
Bryan's Shearwater,Puffinus bryani,布氏鹱,仅在当地繁育的 极危
Tropical Shearwater,Puffinus bailloni,热带鹱,
Tropical Shearwater (Indopacific),Puffinus bailloni [dichrous Group],,
Bannerman's/Tropical Shearwater,Puffinus bannermani/bailloni,,
small shearwater sp.,Puffinus sp.,黑白水薙鳥類,
shearwater sp.,Procellariidae sp. (shearwater sp.),水薙鳥類,
procellariid sp.,Procellariidae sp.,未识别的鹱类,
 ,,,
CICONIIFORMES: Ciconiidae,,,
,,,
Black Stork,Ciconia nigra,黑鹳,稀见/偶见
Oriental Stork,Ciconia boyciana,东方白鹳,濒危
 ,,,
SULIFORMES: Fregatidae,,,
,,,
Lesser Frigatebird,Fregata ariel,白斑军舰鸟,
Lesser Frigatebird (Lesser),Fregata ariel ariel/iredalei,白斑军舰鸟（印度洋至太平洋）,
Great Frigatebird,Fregata minor,大军舰鸟,稀见/偶见
frigatebird sp.,Fregata sp.,未识别的军舰鸟,
 ,,,
SULIFORMES: Sulidae,,,
,,,
Red-footed Booby,Sula sula,红脚鲣鸟,
Red-footed Booby (Indopacific),Sula sula rubripes,红脚鲣鸟（印度洋至中太平洋）,
Brown Booby,Sula leucogaster,褐鲣鸟,
Brown Booby (Forster's),Sula leucogaster plotus,褐鲣鸟（印度洋至太平洋中部）,
Cocos Booby,Sula brewsteri,,稀见/偶见
Cocos Booby (Brewster's),Sula brewsteri brewsteri,褐鲣鸟 (brewsteri),稀见/偶见
Brown/Cocos Booby,Sula leucogaster/brewsteri,,
Masked Booby,Sula dactylatra,蓝脸鲣鸟,稀见/偶见
Nazca Booby,Sula granti,橙嘴蓝脸鲣鸟,稀见/偶见
Masked/Nazca Booby,Sula dactylatra/granti,蓝脸鲣鸟/橙嘴蓝脸鲣鸟,稀见/偶见
booby sp.,Sula sp.,未识别的鲣鸟,
 ,,,
SULIFORMES: Phalacrocoracidae,,,
,,,
Pelagic Cormorant,Urile pelagicus,海鸬鹚,
Great Cormorant,Phalacrocorax carbo,普通鸬鹚,
Great Cormorant (Eurasian),Phalacrocorax carbo sinensis/hanedae,普通鸬鹚（欧亚）,
Japanese Cormorant,Phalacrocorax capillatus,暗绿背鸬鹚,
Great/Japanese Cormorant,Phalacrocorax carbo/capillatus,普通鸬鹚/暗绿背鸬鹚,
cormorant sp.,Phalacrocoracidae sp.,未识别的鸬鹚,
 ,,,
PELECANIFORMES: Threskiornithidae,,,
,,,
Black-headed Ibis,Threskiornis melanocephalus,黑头白鹮,稀见/偶见
Crested Ibis,Nipponia nippon,朱鹮,消失 濒危
Eurasian Spoonbill,Platalea leucorodia,白琵鹭,
Black-faced Spoonbill,Platalea minor,黑脸琵鹭,濒危
spoonbill sp.,Platalea sp.,未识别的琵鹭,
 ,,,
PELECANIFORMES: Ardeidae,,,
,,,
Eurasian Bittern,Botaurus stellaris,大麻鳽,
Black Bittern,Botaurus flavicollis,黑鳽,稀见/偶见
Cinnamon Bittern,Botaurus cinnamomeus,栗苇鳽,
Schrenck's Bittern,Botaurus eurhythmus,紫背苇鳽,
Yellow Bittern,Botaurus sinensis,黄苇鳽,
small bittern sp.,Botaurus sp. (small bittern sp.),未识别的Ixobrychus属小型鳽类,
Black-crowned Night Heron,Nycticorax nycticorax,夜鹭,
Black-crowned Night Heron (Eurasian),Nycticorax nycticorax nycticorax,夜鹭（欧亚）,
Japanese Night Heron,Gorsachius goisagi,栗鳽,易危
Pacific Reef-Heron,Egretta sacra,岩鹭,
Chinese Egret,Egretta eulophotes,黄嘴白鹭,易危
Little Egret,Egretta garzetta,白鹭,
Little Egret (Western),Egretta garzetta garzetta,白鹭（广布）,
Striated Heron,Butorides striata,绿鹭,
Striated Heron (Old World),Butorides striata [atricapilla Group],绿鹭（旧大陆）,
Striated/Green Heron,Butorides striata/virescens,绿鹭/美洲绿鹭,
Chinese Pond-Heron,Ardeola bacchus,池鹭,
Eastern Cattle-Egret,Ardea coromanda,牛背鹭,
Western/Eastern Cattle-Egret,Ardea ibis/coromanda,,
Great Egret,Ardea alba,大白鹭,
Great Egret (alba),Ardea alba alba,大白鹭（古北界）,
Great Egret (modesta),Ardea alba modesta,大白鹭（东洋界至澳洲界）,
Medium Egret,Ardea intermedia,中白鹭,
Great/Medium Egret,Ardea alba/intermedia,大白鹭/中白鹭,
Gray Heron,Ardea cinerea,苍鹭,
Gray Heron (Gray),Ardea cinerea cinerea/jouyi,苍鹭（广布）,
Purple Heron,Ardea purpurea,草鹭,稀见/偶见
Purple Heron (Purple),Ardea purpurea [purpurea Group],草鹭（广布）,稀见/偶见
heron sp.,Ardeidae sp.,未识别的鹭科鸟类,
white egret sp.,Egretta/Ardea sp.,未识别的小型白色鹭类,
 ,,,
ACCIPITRIFORMES: Pandionidae,,,
,,,
Osprey,Pandion haliaetus,鹗,
Osprey (Eurasian),Pandion haliaetus haliaetus,鹗（欧亚）,
 ,,,
ACCIPITRIFORMES: Accipitridae,,,
,,,
Oriental Honey-buzzard,Pernis ptilorhynchus,凤头蜂鹰,
Oriental Honey-buzzard (Northern),Pernis ptilorhynchus orientalis,凤头蜂鹰（东北亚）,
European/Oriental Honey-buzzard,Pernis apivorus/ptilorhynchus,鹃头蜂鹰/凤头蜂鹰,
Mountain Hawk-Eagle,Nisaetus nipalensis,鹰雕,
Mountain Hawk-Eagle (orientalis),Nisaetus nipalensis orientalis,,
Golden Eagle,Aquila chrysaetos,金雕,
Besra,Tachyspiza virgata,松雀鹰,
Japanese Sparrowhawk,Tachyspiza gularis,日本松雀鹰,
Besra/Japanese Sparrowhawk,Tachyspiza virgata/gularis,日本松雀鹰/松雀鹰,
Chinese Sparrowhawk,Tachyspiza soloensis,赤腹鹰,
Eurasian Sparrowhawk,Accipiter nisus,雀鹰,
Eurasian Goshawk,Astur gentilis,苍鹰,
Eurasian/American Goshawk,Astur gentilis/atricapillus,,
Accipitrine hawk sp. (former Accipiter sp.),Aerospiza/Tachyspiza/Accipiter/Astur sp.,未识别的Accipiter属鹰,
Eastern Marsh Harrier,Circus spilonotus,白腹鹞,
Eastern Marsh/Papuan Harrier,Circus spilonotus/spilothorax,白腹鹞,
Hen Harrier,Circus cyaneus,白尾鹞,
Hen/Northern Harrier,Circus cyaneus/hudsonius,,
Pied Harrier,Circus melanoleucos,鹊鹞,稀见/偶见
Black Kite,Milvus migrans,黑鸢,
Black Kite (Black-eared),Milvus migrans lineatus/formosanus,黑鸢（东亚，黑耳鸢）,
White-tailed Eagle,Haliaeetus albicilla,白尾海雕,
Steller's Sea-Eagle,Haliaeetus pelagicus,虎头海雕,稀见/偶见 易危
Gray-faced Buzzard,Butastur indicus,灰脸鵟鹰,
Rough-legged Hawk,Buteo lagopus,毛脚鵟,
Common Buzzard,Buteo buteo,普通,
Eastern Buzzard,Buteo japonicus,普通鵟,
Himalayan/Eastern Buzzard,Buteo refectus/japonicus,喜山鵟/普通鵟,
Buteo sp.,Buteo sp.,未识别的鵟,
hawk sp.,Accipitridae sp. (hawk sp.),未识别的鹰类,
eagle sp.,Accipitridae sp. (eagle sp.),未识别的雕类,
 ,,,
STRIGIFORMES: Strigidae,,,
,,,
Collared Scops-Owl,Otus lettia,领角鸮,稀见/偶见
Japanese Scops-Owl,Otus semitorques,北领角鸮（日本角鸮）,
Ryukyu Scops-Owl,Otus elegans,琉球角鸮（兰屿角鸮）,近危
Oriental Scops-Owl,Otus sunia,红角鸮（东方角鸮）,
Oriental Scops-Owl (Northern),Otus sunia [japonicus Group],,
Eurasian Eagle-Owl,Bubo bubo,雕鸮,
Ural Owl,Strix uralensis,长尾林鸮,
Ural Owl (Ural),Strix uralensis [uralensis Group],,
Long-eared Owl,Asio otus,长耳鸮,
Long-eared Owl (Eurasian),Asio otus otus/canariensis,长耳鸮（欧亚）,
Short-eared Owl,Asio flammeus,短耳鸮,
Short-eared Owl (Northern),Asio flammeus flammeus,短耳鸮（北方）,
Northern Boobook,Ninox japonica,北鹰鸮,
Brown/Northern Boobook,Ninox scutulata/japonica,鹰鸮/北鹰鸮,
owl sp.,Strigiformes sp.,未识别的鸮类,
 ,,,
BUCEROTIFORMES: Upupidae,,,
,,,
Eurasian Hoopoe,Upupa epops,戴胜,
Eurasian Hoopoe (Eurasian),Upupa epops [epops Group],戴胜（欧亚）,
 ,,,
CORACIIFORMES: Alcedinidae,,,
,,,
Common Kingfisher,Alcedo atthis,普通翠鸟,
Common Kingfisher (Common),Alcedo atthis [atthis Group],普通翠鸟（广布）,
Ruddy Kingfisher,Halcyon coromanda,赤翡翠,
Black-capped Kingfisher,Halcyon pileata,蓝翡翠,易危
Crested Kingfisher,Megaceryle lugubris,冠鱼狗,
 ,,,
CORACIIFORMES: Coraciidae,,,
,,,
Dollarbird,Eurystomus orientalis,三宝鸟,
 ,,,
PICIFORMES: Picidae,,,
,,,
Eurasian Wryneck,Jynx torquilla,蚁䴕,
Japanese Pygmy Woodpecker,Yungipicus kizuki,小星头啄木鸟,
White-backed Woodpecker,Dendrocopos leucotos,白背啄木鸟,
White-backed Woodpecker (White-backed),Dendrocopos leucotos [leucotos Group],白背啄木鸟（广布）,
Great Spotted Woodpecker,Dendrocopos major,大斑啄木鸟,
Great Spotted Woodpecker (japonicus),Dendrocopos major japonicus,,
Great Spotted/Syrian Woodpecker,Dendrocopos major/syriacus,大斑啄木鸟/叙利亚啄木鸟,
Lesser Spotted Woodpecker,Dryobates minor,小斑啄木鸟,
Japanese Woodpecker,Picus awokera,日本绿啄木鸟,特有种（国家/地区）
woodpecker sp.,Picidae sp.,未识别的啄木鸟类,
 ,,,
FALCONIFORMES: Falconidae,,,
,,,
Eurasian Kestrel,Falco tinnunculus,红隼,
Eurasian Kestrel (Eurasian),Falco tinnunculus [tinnunculus Group],红隼（欧亚）,
Eurasian/Rock Kestrel,Falco tinnunculus/rupicolus,,
Merlin,Falco columbarius,灰背隼,
Merlin (Eurasian),Falco columbarius [aesalon Group],灰背隼（欧亚）,
Eurasian Hobby,Falco subbuteo,燕隼,
Peregrine Falcon,Falco peregrinus,游隼,
Peregrine Falcon (Peale's),Falco peregrinus pealei,游隼 (pealei),
Peregrine Falcon (Eurasian),Falco peregrinus [peregrinus Group],游隼（欧亚）,
falcon sp.,Falco sp.,未识别的Falco属隼,
 ,,,
ACCIPITRIFORMES/FALCONIFORMES SP.: Accipitriformes/Falconiformes sp.,,,
,,,
diurnal raptor sp.,Accipitriformes/Falconiformes sp.,未识别的鹰隼类,
 ,,,
PSITTACIFORMES: Psittaculidae,,,
,,,
Rose-ringed Parakeet,Psittacula krameri,红领绿鹦鹉,外来物种
Psittacula sp.,Psittacula sp.,未识别的Psittacula属鹦鹉,外来物种
 ,,,
PSITTACIFORMES: Psittaciformes sp.,,,
,,,
parakeet sp.,Psittaciformes sp. (parakeet sp.),,
 ,,,
PASSERIFORMES: Pittidae,,,
,,,
Fairy Pitta,Pitta nympha,仙八色鸫,易危
 ,,,
PASSERIFORMES: Campephagidae,,,
,,,
Ryukyu Minivet,Pericrocotus tegimae,琉球山椒鸟,特有种（国家/地区）
Ashy Minivet,Pericrocotus divaricatus,灰山椒鸟,
Ryukyu/Ashy Minivet,Pericrocotus tegimae/divaricatus,琉球山椒鸟/灰山椒鸟,
 ,,,
PASSERIFORMES: Oriolidae,,,
,,,
Black-naped Oriole,Oriolus chinensis,黑枕黄鹂,
Black-naped Oriole (East Asian),Oriolus chinensis diffusus,黑枕黄鹂（东亚）,
 ,,,
PASSERIFORMES: Dicruridae,,,
,,,
Black Drongo,Dicrurus macrocercus,黑卷尾,稀见/偶见
 ,,,
PASSERIFORMES: Monarchidae,,,
,,,
Black Paradise-Flycatcher,Terpsiphone atrocaudata,紫寿带,
Black Paradise-Flycatcher (Northern),Terpsiphone atrocaudata atrocaudata/illex,,
 ,,,
PASSERIFORMES: Laniidae,,,
,,,
Tiger Shrike,Lanius tigrinus,虎纹伯劳,
Bull-headed Shrike,Lanius bucephalus,牛头伯劳,
Red-backed Shrike,Lanius collurio,红背伯劳,稀见/偶见
Brown Shrike,Lanius cristatus,红尾伯劳,
Brown Shrike (Japanese),Lanius cristatus superciliosus,红尾伯劳（日本，白额红头）,
Brown Shrike (Philippine),Lanius cristatus lucionensis,红尾伯劳（东亚，灰头）,
Long-tailed Shrike,Lanius schach,棕背伯劳,稀见/偶见
Long-tailed Shrike (schach),Lanius schach schach,棕背伯劳（灰头）,稀见/偶见
shrike sp.,Laniidae sp.,,
 ,,,
PASSERIFORMES: Corvidae,,,
,,,
Eurasian Jay,Garrulus glandarius,松鸦,
Eurasian Jay (Japanese),Garrulus glandarius [japonicus Group],松鸦 [japonicus Group],
Azure-winged Magpie,Cyanopica cyanus,灰喜鹊,
Azure-winged Magpie (Azure-winged),Cyanopica cyanus [cyanus Group],灰喜鹊（东亚）,
Azure-winged Magpie (Japanese),Cyanopica cyanus japonica,灰喜鹊 (japonica),
Oriental Magpie,Pica serica,喜鹊,
Oriental/Eurasian Magpie,Pica serica/pica,喜鹊/欧亚喜鹊,
Northern Nutcracker,Nucifraga caryocatactes,星鸦,
Northern/Southern Nutcracker,Nucifraga caryocatactes/hemispila,,
Daurian Jackdaw,Coloeus dauuricus,达乌里寒鸦,
Eurasian/Daurian Jackdaw,Coloeus monedula/dauuricus,,
Rook,Corvus frugilegus,秃鼻乌鸦,
Rook (Eastern),Corvus frugilegus pastinator,,
Carrion Crow,Corvus corone,小嘴乌鸦,
Carrion Crow (Eastern),Corvus corone orientalis,小嘴乌鸦（亚洲）,
Carrion/Hooded Crow,Corvus corone/cornix,小嘴乌鸦/冠小嘴乌鸦,
Large-billed Crow,Corvus macrorhynchos,大嘴乌鸦,
Large-billed Crow (Large-billed),Corvus macrorhynchos [macrorhynchos Group],,
crow sp.,Corvus sp. (crow sp.),未识别的小型乌鸦,
crow/raven sp.,Corvus sp.,未识别的Corvus属乌鸦,
 ,,,
PASSERIFORMES: Paridae,,,
,,,
Coal Tit,Periparus ater,煤山雀,
Coal Tit (Continental),Periparus ater [ater Group],煤山雀（欧亚）,
Yellow-bellied Tit,Periparus venustulus,黄腹山雀,稀见/偶见
Varied Tit,Sittiparus varius,杂色山雀,
Owston's Tit,Sittiparus owstoni,日本杂色山雀,特有的 濒危
Willow Tit,Poecile montanus,褐头山雀,
Willow Tit (Willow),Poecile montanus [montanus Group],褐头山雀（欧亚北部）,
Asian Tit,Parus cinereus,苍背山雀,
Asian Tit (Japanese),Parus cinereus [minor Group],远东山雀（绿背）,
parid sp.,Paridae sp.,未识别的山雀科鸟类,
 ,,,
PASSERIFORMES: Remizidae,,,
,,,
Chinese Penduline-Tit,Remiz consobrinus,中华攀雀,
 ,,,
PASSERIFORMES: Alaudidae,,,
,,,
Eurasian Skylark,Alauda arvensis,云雀,
Eurasian Skylark (Asian),Alauda arvensis [pekinensis Group],云雀（亚洲）,
Eurasian Skylark (Far Eastern),Alauda arvensis japonica/intermedia,云雀（东北亚）,
Greater Short-toed Lark,Calandrella brachydactyla,大短趾百灵,稀见/偶见
Mongolian Short-toed Lark,Calandrella dukhunensis,蒙古短趾百灵,稀见/偶见
Greater/Mongolian Short-toed Lark,Calandrella brachydactyla/dukhunensis,大短趾百灵/蒙古短趾百灵,稀见/偶见
Bimaculated Lark,Melanocorypha bimaculata,二斑百灵,稀见/偶见
Asian Short-toed Lark,Alaudala cheleensis,亚洲短趾百灵,稀见/偶见
 ,,,
PASSERIFORMES: Panuridae,,,
,,,
Bearded Reedling,Panurus biarmicus,文须雀,稀见/偶见
 ,,,
PASSERIFORMES: Cisticolidae,,,
,,,
Zitting Cisticola,Cisticola juncidis,棕扇尾莺,
Zitting Cisticola (Far Eastern),Cisticola juncidis brunniceps,棕扇尾莺 (brunniceps),
 ,,,
PASSERIFORMES: Acrocephalidae,,,
,,,
Black-browed Reed Warbler,Acrocephalus bistrigiceps,黑眉苇莺,
Black-browed/Manchurian Reed Warbler,Acrocephalus bistrigiceps/tangorum,黑眉苇莺/远东苇莺,
Oriental Reed Warbler,Acrocephalus orientalis,东方大苇莺,
Acrocephalus sp.,Acrocephalus sp.,未识别的Acrocephalus属苇莺,
 ,,,
PASSERIFORMES: Locustellidae,,,
,,,
Sakhalin Grasshopper Warbler,Helopsaltes amnicola,库页岛蝗莺,
Gray's/Sakhalin Grasshopper Warbler,Helopsaltes fasciolatus/amnicola,苍眉蝗莺/库页岛蝗莺,
Marsh Grassbird,Helopsaltes pryeri,斑背大尾莺,近危
Middendorff's Grasshopper Warbler,Helopsaltes ochotensis,北蝗莺,
Pleske's Grasshopper Warbler,Helopsaltes pleskei,史氏蝗莺,易危
Lanceolated Warbler,Locustella lanceolata,矛斑蝗莺,
 ,,,
PASSERIFORMES: Hirundinidae,,,
,,,
Bank Swallow,Riparia riparia,崖沙燕,
Bank Swallow/Pale Martin,Riparia riparia/diluta,崖沙燕/淡色沙燕,
Pacific Swallow,Hirundo javanica,洋燕,
Barn Swallow,Hirundo rustica,家燕,
Barn Swallow (White-bellied),Hirundo rustica rustica,家燕（欧亚西部，黑胸带）,
Barn Swallow (Buff-bellied),Hirundo rustica gutturalis/mandschurica,家燕（东亚，白腹）,
Siberian House-Martin,Delichon lagopodum,白腹毛脚燕,稀见/偶见
Western/Siberian House-Martin,Delichon urbicum/lagopodum,,稀见/偶见
Asian House-Martin,Delichon dasypus,烟腹毛脚燕,
Eastern Red-rumped Swallow,Cecropis daurica,金腰燕,
Eastern Red-rumped Swallow (Daurian),Cecropis daurica [daurica Group],,
European/African/Eastern Red-rumped Swallow,Cecropis rufula/melanocrissus/daurica,金腰燕/斑腰燕,
swallow sp.,Hirundinidae sp.,未识别的燕科鸟类,
 ,,,
PASSERIFORMES: Pycnonotidae,,,
,,,
Brown-eared Bulbul,Hypsipetes amaurotis,栗耳短脚鹎,
Light-vented Bulbul (formosae/orii),Pycnonotus sinensis formosae/orii,白头鹎（台湾）,稀见/偶见
 ,,,
PASSERIFORMES: Phylloscopidae,,,
,,,
Yellow-browed Warbler,Phylloscopus inornatus,黄眉柳莺,
Yellow-browed/Hume's Warbler,Phylloscopus inornatus/humei,黄眉柳莺/淡眉柳莺,
Pallas's Leaf Warbler,Phylloscopus proregulus,黄腰柳莺,稀见/偶见
Dusky Warbler,Phylloscopus fuscatus,褐柳莺,稀见/偶见
Dusky/Smoky Warbler,Phylloscopus fuscatus/fuligiventer,褐柳莺/烟柳莺,稀见/偶见
Eastern Crowned Warbler,Phylloscopus coronatus,冕柳莺,
Ijima's Leaf Warbler,Phylloscopus ijimae,饭岛柳莺,仅在当地繁育的 易危
Sakhalin Leaf Warbler,Phylloscopus borealoides,库页岛柳莺,
Pale-legged/Sakhalin Leaf Warbler,Phylloscopus tenellipes/borealoides,淡脚柳莺/库页岛柳莺,
Japanese Leaf Warbler,Phylloscopus xanthodryas,日本柳莺,
Arctic Warbler,Phylloscopus borealis,极北柳莺,
Kamchatka Leaf Warbler,Phylloscopus examinandus,堪察加柳莺,
Japanese Leaf/Arctic/Kamchatka Leaf Warbler,Phylloscopus xanthodryas/borealis/examinandus,日本柳莺/极北柳莺/勘察加柳莺,
Phylloscopus sp.,Phylloscopus sp.,未识别的柳莺,
 ,,,
PASSERIFORMES: Scotocercidae,,,
,,,
Asian Stubtail,Urosphena squameiceps,鳞头树莺,
Japanese Bush Warbler,Horornis diphone,日本树莺,
Japanese Bush Warbler (Northern),Horornis diphone [cantans Group],,
Japanese Bush Warbler (Bonin),Horornis diphone diphone,,仅在离岛中
Manchurian Bush Warbler,Horornis canturians,远东树莺,
Japanese/Manchurian Bush Warbler,Horornis diphone/canturians,日本树莺/远东树莺,
 ,,,
PASSERIFORMES: Aegithalidae,,,
,,,
Long-tailed Tit,Aegithalos caudatus,北长尾山雀,
Long-tailed Tit (caudatus),Aegithalos caudatus caudatus,北长尾山雀（白头）,
Long-tailed Tit (europaeus Group),Aegithalos caudatus [europaeus Group],,
 ,,,
PASSERIFORMES: Sylviidae,,,
,,,
Lesser Whitethroat,Curruca curruca,白喉林莺/沙白喉林莺/休氏白喉林莺,稀见/偶见
Lesser Whitethroat (curruca/blythi),Curruca curruca curruca/blythi,白喉林莺（北方）,稀见/偶见
Lesser Whitethroat (Lesser),Curruca curruca curruca/blythi/halimodendri,白喉林莺,稀见/偶见
Lesser Whitethroat (Lesser/Hume's),Curruca curruca curruca/althaea,白喉林莺/休氏白喉林莺,稀见/偶见
old world warbler sp.,Passeriformes sp. (Old World warbler sp.),未识别的旧大陆莺类,
 ,,,
PASSERIFORMES: Paradoxornithidae,,,
,,,
Vinous-throated Parrotbill,Suthora webbiana,棕头鸦雀,来源不明
 ,,,
PASSERIFORMES: Zosteropidae,,,
,,,
Bonin White-eye,Apalopteron familiare,笠原吸蜜鸟,特有种（国家/地区）
Warbling White-eye,Zosterops japonicus,日本绣眼鸟,
 ,,,
PASSERIFORMES: Leiothrichidae,,,
,,,
Red-billed Leiothrix,Leiothrix lutea,红嘴相思鸟,外来物种
Chinese Hwamei,Garrulax canorus,画眉,外来物种
Chinese/Taiwan Hwamei,Garrulax canorus/taewanus,画眉/台湾画眉,外来物种
White-browed Laughingthrush,Pterorhinus sannio,白颊噪鹛,外来物种
 ,,,
PASSERIFORMES: Regulidae,,,
,,,
Goldcrest,Regulus regulus,戴菊,
Goldcrest (Asian),Regulus regulus [himalayensis Group],戴菊（亚洲）,
 ,,,
PASSERIFORMES: Sittidae,,,
,,,
Eurasian Nuthatch,Sitta europaea,普通䴓,
Eurasian Nuthatch (Buff-bellied),Sitta europaea [roseilia Group],普通䴓（白喉栗腹）,
Siberian/Eurasian Nuthatch,Sitta arctica/europaea,,
 ,,,
PASSERIFORMES: Certhiidae,,,
,,,
Eurasian Treecreeper,Certhia familiaris,旋木雀,
 ,,,
PASSERIFORMES: Troglodytidae,,,
,,,
Eurasian Wren,Troglodytes troglodytes,鹪鹩,
Eurasian Wren (Eurasian),Troglodytes troglodytes [troglodytes Group],鹪鹩（欧亚）,
 ,,,
PASSERIFORMES: Cinclidae,,,
,,,
Brown Dipper,Cinclus pallasii,褐河乌,
 ,,,
PASSERIFORMES: Sturnidae,,,
,,,
European Starling,Sturnus vulgaris,紫翅椋鸟,
Chestnut-cheeked Starling,Agropsar philippensis,紫背椋鸟,
pied starling sp.,Gracupica contra/floweri/jalla,,外来物种
White-shouldered Starling,Sturnia sinensis,灰背椋鸟,
Red-billed Starling,Spodiopsar sericeus,丝光椋鸟,稀见/偶见
White-cheeked Starling,Spodiopsar cineraceus,灰椋鸟,
Common Myna,Acridotheres tristis,家八哥,外来物种
Javan Myna,Acridotheres javanicus,爪哇八哥,稀见/偶见 易危
Crested Myna,Acridotheres cristatellus,八哥,稀见/偶见
myna/starling sp.,Sturnidae sp.,未识别的八哥和椋鸟,
 ,,,
PASSERIFORMES: Turdidae,,,
,,,
White's Thrush,Zoothera aurea,怀氏虎鸫,
Scaly Thrush,Zoothera dauma,虎斑地鸫,
White's/Scaly Thrush,Zoothera aurea/dauma,怀氏虎鸫/虎斑地鸫,
Siberian Thrush,Geokichla sibirica,白眉地鸫,
Siberian Thrush (Sakhalin),Geokichla sibirica davisoni,,
Song Thrush,Turdus philomelos,欧歌鸫,稀见/偶见
Japanese Thrush,Turdus cardis,乌灰鸫,
Gray-backed Thrush,Turdus hortulorum,灰背鸫,稀见/偶见
Pale Thrush,Turdus pallidus,白腹鸫,
Eyebrowed Thrush,Turdus obscurus,白眉鸫,
Brown-headed Thrush,Turdus chrysolaus,赤胸鸫,
Izu Thrush,Turdus celaenops,伊岛鸫,特有种（国家/地区） 易危
Fieldfare,Turdus pilaris,田鸫,稀见/偶见
Dusky Thrush,Turdus eunomus,斑鸫,
Naumann's Thrush,Turdus naumanni,红尾鸫,稀见/偶见
Dusky x Naumann's Thrush (hybrid),Turdus eunomus x naumanni,斑鸫x红尾鸫（杂交）,稀见/偶见
Dusky/Naumann's Thrush,Turdus eunomus/naumanni,斑鸫/红尾鸫,
Turdus sp.,Turdus sp.,未识别的Turdus属鸫,
thrush sp.,Turdidae sp.,未识别的鸫类,
 ,,,
PASSERIFORMES: Muscicapidae,,,
,,,
Gray-streaked Flycatcher,Muscicapa griseisticta,灰纹鹟,
Dark-sided Flycatcher,Muscicapa sibirica,乌鹟,
Dark-sided Flycatcher (Siberian),Muscicapa sibirica sibirica,,
Asian Brown Flycatcher,Muscicapa dauurica,北灰鹟,
Asian Brown Flycatcher (Northern),Muscicapa dauurica dauurica,,
Asian Brown/Brown-streaked Flycatcher,Muscicapa dauurica/williamsoni,北灰鹟/褐纹鹟,
Muscicapa sp.,Muscicapa sp.,未识别的Muscicapa属鹟,
Blue-and-white Flycatcher,Cyanoptila cyanomelana,白腹蓝鹟,
Blue-and-white/Zappey's Flycatcher,Cyanoptila cyanomelana/cumatilis,白腹蓝鹟/琉璃蓝鹟,
Verditer Flycatcher,Eumyias thalassinus,铜蓝鹟,稀见/偶见
Japanese Robin,Larvivora akahige,日本歌鸲,
Izu Robin,Larvivora tanensis,伊岛歌鸲,特有种（国家/地区） 易危
Japanese/Izu Robin,Larvivora akahige/tanensis,,
Siberian Blue Robin,Larvivora cyane,蓝歌鸲,
Bluethroat,Luscinia svecica,蓝喉歌鸲,
Siberian Rubythroat,Calliope calliope,红喉歌鸲,
Red-flanked Bluetail,Tarsiger cyanurus,红胁蓝尾鸲,
Red-flanked/Qilian Bluetail,Tarsiger cyanurus/albocoeruleus,,
Red-flanked/Himalayan Bluetail,Tarsiger cyanurus/rufilatus,红胁蓝尾鸲/蓝眉林鸲,
Yellow-rumped Flycatcher,Ficedula zanthopygia,白眉姬鹟,
Narcissus Flycatcher,Ficedula narcissina,黄眉姬鹟,
Yellow-rumped/Green-backed/Narcissus/Ryukyu Flycatcher,Ficedula zanthopygia/elisae/narcissina/owstoni,白眉姬鹟/绿背姬鹟/黄眉姬鹟/琉球姬鹟,
Narcissus/Ryukyu Flycatcher,Ficedula narcissina/owstoni,黄眉姬鹟/琉球姬鹟,
Mugimaki Flycatcher,Ficedula mugimaki,鸲姬鹟,
Taiga Flycatcher,Ficedula albicilla,红喉姬鹟,稀见/偶见
Red-breasted Flycatcher,Ficedula parva,红胸姬鹟,稀见/偶见
Taiga/Red-breasted Flycatcher,Ficedula albicilla/parva,红喉姬鹟/红胸姬鹟,
Plumbeous Redstart,Phoenicurus fuliginosus,红尾水鸲,稀见/偶见
Daurian Redstart,Phoenicurus auroreus,北红尾鸲,
redstart sp.,Phoenicurus sp.,未识别的红尾鸲,
Blue Rock-Thrush,Monticola solitarius,蓝矶鸫,
Blue Rock-Thrush (philippensis),Monticola solitarius philippensis,蓝矶鸫（红腹）,
Whinchat,Saxicola rubetra,草原石䳭,稀见/偶见
Amur Stonechat,Saxicola stejnegeri,东亚石䳭,
Siberian/Amur Stonechat,Saxicola maurus/stejnegeri,黑喉石䳭/东亚石䳭,
Isabelline Wheatear,Oenanthe isabellina,沙䳭,稀见/偶见
Desert Wheatear,Oenanthe deserti,漠䳭,稀见/偶见
Pied Wheatear,Oenanthe pleschanka,白顶䳭,稀见/偶见
Cyprus/Pied Wheatear,Oenanthe cypriaca/pleschanka,,稀见/偶见
muscicapid sp.,Muscicapidae sp.,未识别的鹟科鸟类,
 ,,,
PASSERIFORMES: Bombycillidae,,,
,,,
Bohemian Waxwing,Bombycilla garrulus,太平鸟,
Japanese Waxwing,Bombycilla japonica,小太平鸟,近危
 ,,,
PASSERIFORMES: Estrildidae,,,
,,,
White-rumped Munia,Lonchura striata,白腰文鸟,外来物种
Red Avadavat,Amandava amandava,红梅花雀,
 ,,,
PASSERIFORMES: Prunellidae,,,
,,,
Alpine Accentor,Prunella collaris,领岩鹨,
Siberian Accentor,Prunella montanella,棕眉山岩鹨,稀见/偶见
Japanese Accentor,Prunella rubida,红岩鹨,
 ,,,
PASSERIFORMES: Passeridae,,,
,,,
Russet Sparrow,Passer cinnamomeus,山麻雀,
Eurasian Tree Sparrow,Passer montanus,麻雀（树麻雀）,
 ,,,
PASSERIFORMES: Motacillidae,,,
,,,
Forest Wagtail,Dendronanthus indicus,山鹡鸰,稀见/偶见
Gray Wagtail,Motacilla cinerea,灰鹡鸰,
Eastern Yellow Wagtail,Motacilla tschutschensis,黄鹡鸰,
Eastern Yellow Wagtail (Eastern),Motacilla tschutschensis tschutschensis/plexa,黄鹡鸰（白眉）,
Eastern Yellow Wagtail (Green-headed),Motacilla tschutschensis taivana,黄鹡鸰（黄眉）,
Eastern Yellow Wagtail (Manchurian),Motacilla tschutschensis macronyx,黄鹡鸰（蓝头）,稀见/偶见
Western/Eastern Yellow Wagtail,Motacilla flava/tschutschensis,西黄鹡鸰/黄鹡鸰,
Citrine Wagtail,Motacilla citreola,黄头鹡鸰,稀见/偶见
Citrine Wagtail (Gray-backed),Motacilla citreola citreola/werae,黄头鹡鸰（灰背）,稀见/偶见
Japanese Wagtail,Motacilla grandis,日本鹡鸰,
White Wagtail,Motacilla alba,白鹡鸰,
White Wagtail (White-faced),Motacilla alba alba/dukhunensis,白鹡鸰（欧洲，白脸灰背）,
White Wagtail (ocularis),Motacilla alba ocularis,白鹡鸰（东北亚，眼纹灰背）,稀见/偶见
White Wagtail (Black-backed),Motacilla alba lugens,白鹡鸰（东北亚，眼纹黑背）,
White Wagtail (Chinese),Motacilla alba leucopsis,白鹡鸰（东亚，白脸）,稀见/偶见
wagtail sp.,Motacilla sp.,未识别的Motacilla属鹡鸰,
Richard's Pipit,Anthus richardi,理氏鹨,
Richard's/Paddyfield Pipit,Anthus richardi/rufulus,理氏鹨/田鹨,
Olive-backed Pipit,Anthus hodgsoni,树鹨,
Red-throated Pipit,Anthus cervinus,红喉鹨,
Siberian Pipit,Anthus japonicus,西伯利亚鹨,
Siberian/American Pipit,Anthus japonicus/rubescens,,
Water/Siberian/American Pipit,Anthus spinoletta/japonicus/rubescens,水鹨/黄腹鹨,
pipit sp.,Anthus sp.,未识别的Anthus属鹨,
 ,,,
PASSERIFORMES: Fringillidae,,,
,,,
Brambling,Fringilla montifringilla,燕雀,
Hawfinch,Coccothraustes coccothraustes,锡嘴雀,
Yellow-billed Grosbeak,Eophona migratoria,黑尾蜡嘴雀,
Japanese Grosbeak,Eophona personata,黑头蜡嘴雀,
Common Rosefinch,Carpodacus erythrinus,普通朱雀,稀见/偶见
Long-tailed Rosefinch,Carpodacus sibiricus,长尾雀,
Long-tailed Rosefinch (Siberian),Carpodacus sibiricus [sibiricus Group],,
Pallas's Rosefinch,Carpodacus roseus,北朱雀,
Pine Grosbeak,Pinicola enucleator,松雀,
Pine Grosbeak (Eurasian),Pinicola enucleator [enucleator Group],松雀（欧亚）,
Eurasian Bullfinch,Pyrrhula pyrrhula,红腹灰雀,
Eurasian Bullfinch (Baikal),Pyrrhula pyrrhula [griseiventris Group],红腹灰雀（东亚）,
Asian Rosy-Finch,Leucosticte arctoa,粉红腹岭雀,
Asian Rosy-Finch (Tawny-naped),Leucosticte arctoa brunneonucha/gigliolii,,
Oriental Greenfinch,Chloris sinica,金翅雀,
Oriental Greenfinch (Oriental),Chloris sinica [sinica Group],,
Oriental Greenfinch (Bonin),Chloris sinica kittlitzi,,特有种（国家/地区）
Redpoll,Acanthis flammea,白腰朱顶雀,
Redpoll (Common),Acanthis flammea flammea/rostrata/islandica,,
Redpoll (flammea),Acanthis flammea flammea,白腰朱顶雀（欧亚）,
Redpoll (Common/Lesser),Acanthis flammea [flammea Group/cabaret],,
Red Crossbill,Loxia curvirostra,红交嘴雀,
Red Crossbill (Japanese),Loxia curvirostra japonica,红交嘴雀（东亚）,
Red/Cassia Crossbill,Loxia curvirostra/sinesciuris,,
White-winged Crossbill,Loxia leucoptera,白翅交嘴雀,稀见/偶见
White-winged Crossbill (Eurasian),Loxia leucoptera bifasciata,白翅交嘴雀（欧亚）,稀见/偶见
European/Gray-crowned Goldfinch,Carduelis carduelis/caniceps,,来源不明
Eurasian Siskin,Spinus spinus,黄雀,
finch sp.,Fringillidae sp.,未识别的燕雀科鸟类,
 ,,,
PASSERIFORMES: Calcariidae,,,
,,,
Lapland Longspur,Calcarius lapponicus,铁爪鹀,
 ,,,
PASSERIFORMES: Emberizidae,,,
,,,
Black-headed Bunting,Emberiza melanocephala,黑头鹀,稀见/偶见
Red-headed Bunting,Emberiza bruniceps,褐头鹀,稀见/偶见
Black-headed/Red-headed Bunting,Emberiza melanocephala/bruniceps,黑头鹀/褐头鹀,稀见/偶见
Chestnut-eared Bunting,Emberiza fucata,栗耳鹀,
Meadow Bunting,Emberiza cioides,三道眉草鹀,
Meadow Bunting (Black-eared),Emberiza cioides ciopsis,,
Pine Bunting,Emberiza leucocephalos,白头鹀,稀见/偶见
Yellow-throated Bunting,Emberiza elegans,黄喉鹀,
Ochre-rumped Bunting,Emberiza yessoensis,红颈苇鹀,近危
Pallas's Bunting,Emberiza pallasi,苇鹀,稀见/偶见
Reed Bunting,Emberiza schoeniclus,芦鹀,
Pallas's/Reed Bunting,Emberiza pallasi/schoeniclus,苇鹀/芦鹀,
Yellow-breasted Bunting,Emberiza aureola,黄胸鹀,极危
Little Bunting,Emberiza pusilla,小鹀,
Rustic Bunting,Emberiza rustica,田鹀,易危
Yellow Bunting,Emberiza sulphurata,硫磺鹀,
Black-faced Bunting,Emberiza spodocephala,灰头鹀,
Masked Bunting,Emberiza personata,花脸鹀,
Black-faced/Masked Bunting,Emberiza spodocephala/personata,,
Yellow-browed Bunting,Emberiza chrysophrys,黄眉鹀,
Tristram's Bunting,Emberiza tristrami,白眉鹀,
Gray Bunting,Emberiza variabilis,灰鹀,
Emberiza sp.,Emberiza sp.,未识别的Emberiza属鹀,
 ,,,
PASSERIFORMES: Passerellidae,,,
,,,
White-crowned Sparrow,Zonotrichia leucophrys,白冠带鹀,稀见/偶见
White-crowned Sparrow (Gambel's),Zonotrichia leucophrys gambelii,白冠带鹀 (gambelii),稀见/偶见
Savannah Sparrow,Passerculus sandwichensis,稀树草鹀,稀见/偶见
Savannah Sparrow (Savannah),Passerculus sandwichensis [sandwichensis Group],稀树草鹀 [sandwichensis Group],稀见/偶见
 ,,,
PASSERIFORMES: Passeriformes sp.,,,
,,,
passerine sp.,Passeriformes sp.,未识别的雀形目鸟类,
 ,,,
AVES SP.: Aves sp.,,,
,,,
bird sp.,Aves sp.,未识别的鸟类,
 ,,,
,,,
newadd,,,
Little Ringed Plover,Charadrius dubius,金眶鸻,
Little Ringed Plover (curonicus),Charadrius dubius curonicus,金眶鸻（古北界）,
Long-billed Plover,Charadrius placidus,长嘴剑鸻,
Rose-ringed Parakeet,Psittacula krameri manillensis,红领绿鹦鹉,